{
	"http://localhost:8545": {
		"owner": "0x8bf20c41ee6a9fd84e81d6f6df872d9628cd08b2",
		"fundingRecipient": "0x5BFa3c4B982c53E5a7C507Ff83D6D93e0FE83B84",
		"communityPoolAddress": "0x1Bb8c3606A4528CA7C3dA385A59F16B32E3B8e12",
		"futureDevelopmentPoolAddress": "0xb498b0981aF40f022E556dCEEc0Bb767e76f9Bc0",
		"stakeholdersPoolAddress": "0xCE31425A5fd1a46FbE3c3A01A64A85C99ba82Fe9",
		"startTime": ""
	},
	"https://ropsten.infura.io": {
		"owner": "0x8bf20c41ee6a9fd84e81d6f6df872d9628cd08b2",
		"fundingRecipient": "0x5BFa3c4B982c53E5a7C507Ff83D6D93e0FE83B84",
		"communityPoolAddress": "0x1Bb8c3606A4528CA7C3dA385A59F16B32E3B8e12",
		"futureDevelopmentPoolAddress": "0xb498b0981aF40f022E556dCEEc0Bb767e76f9Bc0",
		"stakeholdersPoolAddress": "0xCE31425A5fd1a46FbE3c3A01A64A85C99ba82Fe9",
		"startTime": ""
	},
	"https://mainnet.infura.io": {
		"owner": "0xA76e676C9CdC7AA2ab12B3eC4Dd4c2BE9a6774AA",
		"fundingRecipient": "0x34Df02E145F0A6B5dF675e9dFaB54aE745E6c4FF",
		"communityPoolAddress": "0x254158138007803EEbc95d082c02D0dB4381EBac",
		"futureDevelopmentPoolAddress": "0x6b83C6a03d99FfAdf2416767D64CC959F1B2E2F5",
		"stakeholdersPoolAddress": "0xB0f37b1878FD6A3006467D9cACC8CdEF082e11F8",
		"startTime": 1518627600
	}
}