0xe9f4b3c9d20bbd9cc4f0fd9eae4689466f175cd7, 2000000
0x186dfefce988a0197e510de76f5ca945edf28090, 1500000
0x5dbeb30cb1207ccba1babf7ac67e19fec48b33ae, 1000000
0xa13f68a04683c76ab32e671cb42abf4b9ae5e540, 4500000
0x4d31389980a17ff821765d6a6f1ec61fd73ab6d3, 5000000
0xff37373d72343aec823d3820cf23b5461875e35d, 1000000
0x3e0d5107c543c8244d56f59e65548ab45d68a367, 2500000
0x3a9e70fffcbf7f2f4ed52118404bd2efd3d028d7, 3500000
0xe430df8def17e9a9a0de0f47a1fb29ba79d7ebe6, 4000000
0x5ec73d851efec4f301d0a7e5d47cc8ae22788ac7, 5000000